<?xml version="1.0" encoding="UTF-8"?>
<java version="1.8.0_171" class="java.beans.XMLDecoder">
 <object class="com.citiustech.ApplicationEntities.Customer" id="Customer0">
  <void class="com.citiustech.ApplicationEntities.Customer" method="getField">
   <string>creditLimit</string>
   <void method="set">
    <object idref="Customer0"/>
    <long>10000</long>
   </void>
  </void>
  <void class="com.citiustech.ApplicationEntities.Customer" method="getField">
   <string>emailId</string>
   <void method="set">
    <object idref="Customer0"/>
    <string>deepakgajakosh6@gmail.com</string>
   </void>
  </void>
  <void class="com.citiustech.ApplicationEntities.TradingPartner" method="getField">
   <string>tradingPartnerId</string>
   <void method="set">
    <object idref="Customer0"/>
    <long>10</long>
   </void>
  </void>
  <void class="com.citiustech.ApplicationEntities.TradingPartner" method="getField">
   <string>tradingPartnername</string>
   <void method="set">
    <object idref="Customer0"/>
    <string>Deepak</string>
   </void>
  </void>
  <void class="com.citiustech.ApplicationEntities.TradingPartner" method="getField">
   <string>city</string>
   <void method="set">
    <object idref="Customer0"/>
    <string>MUM</string>
   </void>
  </void>
 </object>
</java>
